{
  "id" : "proj_GQqBlmNPoZN",
  "name" : "snips kids",
  "intents" : [ {
    "id" : "anuprakash:tell",
    "type" : "registry",
    "version" : "0.8.0",
    "language" : "en",
    "slots" : [ {
      "name" : "item",
      "id" : "wxBxv-XpE",
      "entityId" : "entity_WGy79xEyaZw",
      "missingQuestion" : "",
      "required" : false
    } ],
    "name" : "tell",
    "enabledByDefault" : true
  }, {
    "id" : "anuprakash:playitem",
    "type" : "registry",
    "version" : "0.5.0",
    "language" : "en",
    "slots" : [ {
      "name" : "item",
      "id" : "HOFGWP_m3",
      "entityId" : "entity_Z53NWBZyDVD",
      "missingQuestion" : "",
      "required" : false
    }, {
      "name" : "musicTrack",
      "id" : "ubsnUZFWN",
      "entityId" : "snips/musicTrack",
      "missingQuestion" : "",
      "required" : false
    } ],
    "name" : "playitem",
    "enabledByDefault" : true
  }, {
    "id" : "anuprakash:divide",
    "type" : "registry",
    "version" : "0.4.0",
    "language" : "en",
    "slots" : [ {
      "name" : "firstNumber",
      "id" : "1vmpJKSeR",
      "entityId" : "snips/number",
      "missingQuestion" : "",
      "required" : false
    }, {
      "name" : "secondNumber",
      "id" : "q5upVJtqO",
      "entityId" : "snips/number",
      "missingQuestion" : "",
      "required" : false
    } ],
    "name" : "divide",
    "enabledByDefault" : true
  }, {
    "id" : "anuprakash:add",
    "type" : "registry",
    "version" : "0.9.0",
    "language" : "en",
    "slots" : [ {
      "name" : "firstNumber",
      "id" : "beAg8l4vO",
      "entityId" : "snips/number",
      "missingQuestion" : "",
      "required" : false,
      "description" : "number"
    }, {
      "name" : "secondNumber",
      "id" : "4ZC2-mN_A",
      "entityId" : "snips/number",
      "missingQuestion" : "",
      "required" : false,
      "description" : "number"
    } ],
    "name" : "add",
    "enabledByDefault" : true
  }, {
    "id" : "anuprakash:minus",
    "type" : "registry",
    "version" : "0.3.0",
    "language" : "en",
    "slots" : [ {
      "name" : "firstNumber",
      "id" : "T9jtZKR_J",
      "entityId" : "snips/number",
      "missingQuestion" : "",
      "required" : false
    }, {
      "name" : "secondNumber",
      "id" : "0jnFDfD1n",
      "entityId" : "snips/number",
      "missingQuestion" : "",
      "required" : false
    } ],
    "name" : "minus",
    "enabledByDefault" : true
  }, {
    "id" : "anuprakash:multiply",
    "type" : "registry",
    "version" : "0.4.0",
    "language" : "en",
    "slots" : [ {
      "name" : "firstNumber",
      "id" : "FKVaS2FJb",
      "entityId" : "snips/number",
      "missingQuestion" : "",
      "required" : false
    }, {
      "name" : "secondNumber",
      "id" : "aPJR9-lpj",
      "entityId" : "snips/number",
      "missingQuestion" : "",
      "required" : false
    } ],
    "name" : "multiply",
    "enabledByDefault" : true
  }, {
    "id" : "anuprakash:greetings",
    "type" : "registry",
    "version" : "0.3.0",
    "language" : "en",
    "slots" : [ {
      "name" : "greeting",
      "id" : "ZBLH3Kdsv",
      "entityId" : "entity_6aKe1XnEzeQ",
      "missingQuestion" : "",
      "required" : false
    } ],
    "name" : "greetings",
    "enabledByDefault" : true
  }, {
    "id" : "anuprakash:questions",
    "type" : "registry",
    "version" : "0.5.0",
    "language" : "en",
    "slots" : [ {
      "name" : "question",
      "id" : "oeZfxPniP",
      "entityId" : "entity_o44D9kE9mbk",
      "missingQuestion" : "",
      "required" : false
    } ],
    "name" : "questions",
    "enabledByDefault" : true
  } ],
  "createdAt" : "2019-01-29T04:12:11.306Z",
  "language" : "en",
  "version" : {
    "nluModel" : "0.19.6"
  },
  "platform" : {
    "type" : "raspberrypi"
  },
  "asr" : {
    "type" : "snips"
  },
  "analyticsEnabled" : true,
  "heartbeatEnabled" : true,
  "hotword" : "hey_snips"
}