{
  "config": {
    "ignore_stop_words": true,
    "max_pattern_length": 1000,
    "max_queries": 500,
    "unit_name": "deterministic_intent_parser"
  },
  "group_names_to_slot_names": {
    "group0": "firstNumber",
    "group1": "greeting",
    "group2": "item",
    "group3": "musicTrack",
    "group4": "question",
    "group5": "secondNumber"
  },
  "language_code": "en",
  "patterns": {
    "anuprakash:add": [
      "^\\s*what\\s*is\\s*(?P<group0>%SNIPSNUMBER%)\\s*(?P<group5>%SNIPSNUMBER%)\\s*$",
      "^\\s*addition\\s*of\\s*(?P<group0>%SNIPSNUMBER%)\\s*(?P<group5>%SNIPSNUMBER%)\\s*$",
      "^\\s*sum\\s*of\\s*(?P<group0>%SNIPSNUMBER%)\\s*plus\\s*(?P<group5>%SNIPSNUMBER%)\\s*$",
      "^\\s*sum\\s*of\\s*(?P<group0>%SNIPSNUMBER%)\\s*(?P<group5>%SNIPSNUMBER%)\\s*$",
      "^\\s*sum\\s*(?P<group0>%SNIPSNUMBER%)\\s*(?P<group5>%SNIPSNUMBER%)\\s*$",
      "^\\s*add\\s*(?P<group0>%SNIPSNUMBER%)\\s*(?P<group5>%SNIPSNUMBER%)\\s*$",
      "^\\s*what\\s*is\\s*(?P<group0>%SNIPSNUMBER%)\\s*plus\\s*(?P<group5>%SNIPSNUMBER%)\\s*$"
    ],
    "anuprakash:divide": [
      "^\\s*how\\s*much\\s*is\\s*(?P<group0>%SNIPSNUMBER%)\\s*divided\\s*by\\s*(?P<group5>%SNIPSNUMBER%)\\s*$",
      "^\\s*find\\s*(?P<group0>%SNIPSNUMBER%)\\s*divided\\s*by\\s*(?P<group5>%SNIPSNUMBER%)\\s*$",
      "^\\s*find\\s*(?P<group0>%SNIPSNUMBER%)\\s*divide\\s*by\\s*(?P<group5>%SNIPSNUMBER%)\\s*$",
      "^\\s*how\\s*much\\s*is\\s*(?P<group0>%SNIPSNUMBER%)\\s*divide\\s*by\\s*(?P<group5>%SNIPSNUMBER%)\\s*$",
      "^\\s*what\\s*is\\s*(?P<group0>%SNIPSNUMBER%)\\s*by\\s*(?P<group5>%SNIPSNUMBER%)\\s*$",
      "^\\s*what\\s*s\\s*(?P<group0>%SNIPSNUMBER%)\\s*divide\\s*by\\s*(?P<group5>%SNIPSNUMBER%)\\s*$",
      "^\\s*what\\s*is\\s*(?P<group0>%SNIPSNUMBER%)\\s*divide\\s*by\\s*(?P<group5>%SNIPSNUMBER%)\\s*$"
    ],
    "anuprakash:greetings": [
      "^\\s*(?P<group1>%GREET%)\\s*$",
      "^\\s*tell\\s*(?P<group1>%GREET%)\\s*$",
      "^\\s*have\\s*(?P<group1>%GREET%)\\s*$"
    ],
    "anuprakash:minus": [
      "^\\s*reduce\\s*(?P<group0>%SNIPSNUMBER%)\\s*from\\s*(?P<group5>%SNIPSNUMBER%)\\s*$",
      "^\\s*subtract\\s*(?P<group0>%SNIPSNUMBER%)\\s*from\\s*(?P<group5>%SNIPSNUMBER%)\\s*$",
      "^\\s*how\\s*much\\s*is\\s*(?P<group0>%SNIPSNUMBER%)\\s*minus\\s*(?P<group5>%SNIPSNUMBER%)\\s*$",
      "^\\s*calculate\\s*(?P<group0>%SNIPSNUMBER%)\\s*minus\\s*(?P<group5>%SNIPSNUMBER%)\\s*$",
      "^\\s*what\\s*s\\s*(?P<group0>%SNIPSNUMBER%)\\s*minus\\s*(?P<group5>%SNIPSNUMBER%)\\s*$",
      "^\\s*what\\s*is\\s*(?P<group0>%SNIPSNUMBER%)\\s*minus\\s*(?P<group5>%SNIPSNUMBER%)\\s*$"
    ],
    "anuprakash:multiply": [
      "^\\s*(?P<group0>%SNIPSNUMBER%)\\s*multiplied\\s*by\\s*(?P<group5>%SNIPSNUMBER%)\\s*is\\s*equal\\s*$",
      "^\\s*what\\s*s\\s*(?P<group0>%SNIPSNUMBER%)\\s*multiplied\\s*by\\s*(?P<group5>%SNIPSNUMBER%)\\s*$",
      "^\\s*(?P<group0>%SNIPSNUMBER%)\\s*multiplied\\s*by\\s*(?P<group5>%SNIPSNUMBER%)\\s*equals\\s*how\\s*much\\s*$",
      "^\\s*calculate\\s*(?P<group0>%SNIPSNUMBER%)\\s*multiplied\\s*by\\s*(?P<group5>%SNIPSNUMBER%)\\s*$",
      "^\\s*how\\s*much\\s*is\\s*(?P<group0>%SNIPSNUMBER%)\\s*multiplied\\s*by\\s*(?P<group5>%SNIPSNUMBER%)\\s*$",
      "^\\s*what\\s*is\\s*(?P<group0>%SNIPSNUMBER%)\\s*times\\s*(?P<group5>%SNIPSNUMBER%)\\s*$",
      "^\\s*what\\s*is\\s*(?P<group0>%SNIPSNUMBER%)\\s*multiplied\\s*by\\s*(?P<group5>%SNIPSNUMBER%)\\s*$",
      "^\\s*what\\s*is\\s*(?P<group0>%SNIPSNUMBER%)\\s*multiply\\s*(?P<group5>%SNIPSNUMBER%)\\s*$"
    ],
    "anuprakash:playitem": [
      "^\\s*play\\s*(?P<group2>%ITEMTYPE%)\\s*(?P<group3>%SNIPSMUSICTRACK%)\\s*$"
    ],
    "anuprakash:questions": [
      "^\\s*(?P<group4>%QUESTION%)\\s*$"
    ],
    "anuprakash:tell": [
      "^\\s*tell\\s*(?P<group2>%CUSTOM%)\\s*$",
      "^\\s*tell\\s*(?P<group2>%CUSTOM%)\\s*name\\s*$",
      "^\\s*tell\\s*something\\s*(?P<group2>%CUSTOM%)\\s*$"
    ]
  },
  "slot_names_to_entities": {
    "anuprakash:add": {
      "firstNumber": "snips/number",
      "secondNumber": "snips/number"
    },
    "anuprakash:divide": {
      "firstNumber": "snips/number",
      "secondNumber": "snips/number"
    },
    "anuprakash:greetings": {
      "greeting": "greet"
    },
    "anuprakash:minus": {
      "firstNumber": "snips/number",
      "secondNumber": "snips/number"
    },
    "anuprakash:multiply": {
      "firstNumber": "snips/number",
      "secondNumber": "snips/number"
    },
    "anuprakash:playitem": {
      "item": "itemType",
      "musicTrack": "snips/musicTrack"
    },
    "anuprakash:questions": {
      "question": "question"
    },
    "anuprakash:tell": {
      "item": "custom"
    }
  },
  "stop_words_whitelist": {
    "anuprakash:greetings": [
      "hello",
      "hi"
    ]
  }
}