{
    "itemType": {
        "vanilla": "c6a10c45-9464-45a2-a140-59a4030892ba.vanilla", 
        "ngram": true, 
        "added": "c6a10c45-9464-45a2-a140-59a4030892ba.added", 
        "pruningThresholds": [], 
        "order": 3
    }, 
    "question": {
        "vanilla": "5442eecb-3aea-4c62-9674-7084b30d8c48.vanilla", 
        "ngram": true, 
        "added": "5442eecb-3aea-4c62-9674-7084b30d8c48.added", 
        "pruningThresholds": [], 
        "order": 3
    }, 
    "snips/musicTrack": {
        "vanilla": "458f5a31-0290-4788-9ac1-278d5e2f5ddf.vanilla", 
        "ngram": true, 
        "added": "458f5a31-0290-4788-9ac1-278d5e2f5ddf.added", 
        "pruningThresholds": [], 
        "order": 3
    }, 
    "snips/number": {
        "vanilla": "e1135b5c-34e9-45a3-a5d2-5637b99c4704.vanilla", 
        "ngram": false, 
        "added": "e1135b5c-34e9-45a3-a5d2-5637b99c4704.added", 
        "pruningThresholds": [], 
        "order": 0
    }, 
    "greet": {
        "vanilla": "33a2f600-743d-4906-b45d-3797d4f8956e.vanilla", 
        "ngram": true, 
        "added": "33a2f600-743d-4906-b45d-3797d4f8956e.added", 
        "pruningThresholds": [], 
        "order": 3
    }, 
    "custom": {
        "vanilla": "a6893e72-ee4b-4b41-8f62-6a2b199fafc5.vanilla", 
        "ngram": true, 
        "added": "a6893e72-ee4b-4b41-8f62-6a2b199fafc5.added", 
        "pruningThresholds": [], 
        "order": 3
    }
}