{"version":"0.6.0","parser_filename":"parser","threshold":0.7,"stop_words":["him","let","out","ve","time","my","both","himself","yours","between","by","ourselves","under","most","hasn","an","weren","re","just","i","further","we","some","have","ma","should","itself","about","heart","ain","during","had","theirs","little","she","feat","here","his","once","don","am","there","against","man","won","haven","our","its","shan","la","girl","into","t","was","mightn","only","isn","is","through","wouldn","after","with","while","herself","world","where","were","a","then","until","when","in","before","o","did","has","these","as","are","below","having","themselves","it","no","they","nor","myself","s","which","me","because","be","can","not","again","y","wasn","needn","such","them","at","how","mustn","get","the","very","night","whom","and","go","for","own","to","all","or","shouldn","her","but","like","same","off","over","song","why","aren","being","of","hers","will","now","i'm","if","from","than","life","doing","yourselves","m","de","too","love","he","more","up","ll","who","what","do","few","ours","each","don't","this","does","down","other","doesn","d","their","yourself","that","above","those","your","one","'s","hadn","been","any","so","you","didn","couldn","on"],"edge_cases":["NO","Be Here Now","Again & Again","All For One","It's Here","I'm in Love","Over the Love","This Is My Time","I'm Down","In My Own Time","With You","You Are What I Am","Until It's Time for You to Go","What Should I Do","Go Go","She","So This Is Love","It's You Again","Here's Some Love","Life","Let's Love","I Can Do That","The Night Before","In Haven","That's My Girl","Not in Love at All","Are You With Me","As I Love You","In Love with Myself","How We Do","All of My Life","Let It Be Me","It's Over Love","Love Again","Who Did You Love","I Love My Life","This Is Our Time","All Over the World","What If We","Love On Me","Down","The Man in Me","Get Over Yourself","After","What If","Do Me Again","Let Me In","Are You with Me","There It Is","From Now On","Such a Night","It's What We Do","Let You Down","Only Time","Song for You","There You Go","Only for Your Love","Who Can It Be Now?","\"Me, Myself, and I\"","On","I Do","Should I","HIM","Do You Like This","We Are...","I Am","All in You","All That I Am","Let's Get It On","Where We Go","Where It's At","Let It Go","All You","When You Get to the Heart","There for You","By Myself","How","Don't Go","It's Only Life","Why?","Don't Let Me Down","Can I Be Him","Be The One","Not A Love Song","I'm Not at All in Love","All","My Man and Me","My Song for You","More Is More","We","That's All","Do You Love Me?","What Is Love","Because I Love You","Do It! (song)","More than Love","Like I Can","I'm in Here","Is It Me","One and One Is One","This Night","Does She Love That Man","Get It","One of the Few","Time of My Life","Off","My My","On & Off","I Will Be There","Now","It's Over Now","Love Yourself","How You Like Me Now?","To Let Myself Go","Here Am I","In Love","My Girl","We Are The World","I Won","Don't Go Now","When I Love I Love","\"Little Man, What Now?\"","Do I Love You?","My Same","Little Love","Where I Am","A Love like That","Heart By Heart","song","That Girl","When I Was Your Man","So into You","That's Life","Get It Up","Our Song","All of This","One Time","How Did You Love","This Is My Life","You Be Love","My Little Girl","You Are Love","Let Yourself Go","Let It Down","All About You","What You Do (song)","It's All About You","You Can","What Will It Be","Until I Get You","I'm the One","A Little More","Life Itself","I Am Yours","You","One More Time","Only Love","Off & On","You Are","Not Like You","Go Won","Until...","Him","So What","Heart On","Out from Under","All Through the Night","Myself","The One That I Love","Do It All Over Again","This Is How We Do","She's There","Little by Little","It Should Have Been Me","Through It All","Love Is Life","(What Is) Love?","Why Does Love Do This To Me","Let Me","Love in Song","This Is The Life","Go!","Love Don't Let Me Go","I Like It","\"After You, Who?\"","Girl Up","Love Me with All Your Heart","My One and Only","My Heart Will Go On","I","I Like That","Are You The One","Love Myself","I Can Be","Down to You","You Should Be Here","How?","Only the World","Me, Myself & I","Do It for Love","A Night Like This","Who Was It?","Just You","But Not for Me","I Do It","One Life","My Love for You","Who I Am","I Do Love You","I Have Been in You","Get By","A A A","I Love It","All Me","No No No","In My Life","The Song Is Over","It Is 'He'","Love?","We Can","What","There You Go Again","Ours","Don't","Will You Be There","Once in a While","Before I Let Go","Let's Go","Through the Night","This Life","You Don't Love Me (No, No, No)","Not Again","The One You Love","Where Are You?","Down On Me","More and More","The Heart","Where Are You Now","The Song of the Heart","Just a Song Before I Go","With a Song in My Heart","And You and I","It's My Life","Just a Little More Love","You And Me","Out On My Own","O","Get Over It","Night Night Night","I'm with You","If I Were You","Love You Like That","There's Only One of You","That's Why I Love You Like I Do","The World Is Yours","iT","For Love","\"No More \"\"I Love You's\"\"\"","I Did It for Love","Just Because","Let's All Go","Over and Over","I Like It Like That","I'm On","It's Just About Time","\"My Love, My Life\"","About a Girl","What Do You Love","Like It's Over","Go Off","Get Me Some of That","Because","How Do You Do?","Let Me Go","One Night","I'm Your Man","Night","Where Are You","Why Don't You Love Me","All by Myself","My Life","Get Up","Is That For Me","\"O, O, O...\"","She's the One","And So Is Love","Me Too","Don't Let Love Go","The One I Love","This Love","About You Now","Be Your Man","The One","From Me to You","Have It All","Our Love","Like It Like It","I'm Not In Love","One And Only","I Am the World","On My Own","Here I Go","Where Are You Now?","Once","For Your Love","Little Man","Over and Over and Over","\"Just You, Just Me\"","If I Don't Love You","Some Are","It's Up to You","Then and Now","Be My Girl","This Is My Song","Get Down","Do to Me","Like I Do","Just A Man","The Only One","Own the Night","So in Love","Only","Me You","I Am Here","Let's Get Down","On and On","No Love","Just for Now","Of The Night","I Was Here","Love Me Again","The Night","If It's Love","\"My Love, My Love\"","For Your Life","You Can Have Her","Over It","I Am What I Am","Love You No More","I Like You","Is It You","In a Little While","This Is the Life","Here and Now","Are You","My My My!","You Don't Own Me","That's for Me","My One and Only Love","One Night Only","Where Have You Been","Out and In","I Have But One Heart","All the Time","It's Over","Now You","A Song for You","Not the Only One","On Again... Off Again","I Am in Love","Who Are You?","Yours","Who Is He (And What Is He to You)?","Night Out","Just Like You","Why Me","It's You","If I Only Had Time","Will I Do","Under","In This World","You and I","Let's Go All Night","It's Not Over","Go","Me or You?","I Will","How About You?","Here We Go","As One","Over and Over Again","All We Have Is Love","Let It Be with You","I Will Be There for You","Had It","Who's That Girl?","More Than This","In Love with the World","I'm The Man","Heart of Love","Out of Time","Little Of Your Love","Love You Like A Love Song","Just For You","Heart","How It Is","It's About Time","I'm Not The Only One","Who You Love","Me and I","All I Am","Love Me Like That","Over You","You Can Have Him","All We Do","I Love You","Can We","All of Me","Love","He","Your Love","Girl I Love You","More","All Over Me","Your Song","Heart to Heart","All This Is That","Love Of My Life","This Time I'm in It for Love","I Get Off","After the Love","Just Let It Go","One and Only","Over There","Up All Night","With Me","I'm in Love Again","No Heart","Here for You","Any Time at All","To Each His Own","One More Night","\"Little, Little Love\"","He Like That","\"La, la, la\"","Are You There?","What I Did for Love","We Are One","Do It Myself","Let Me Down","The Song Is You","My Love Is Your Love","Out Here on My Own","I Was the One","Love Me Now","The World","Only Girl (In The World)","Love Song","Get It On","I Can","Song For S","Just in Time","Why Did It Have to Be Me?","Where Do I Go From Here","Now That I'm On My Own","Again","Do Like That","Get on Up","All Night","Love You I Do","You Are the One","If You Had My Love","To the World","On A Night Like This","I'm Just a Girl","This is the Time","I'm All About It","I Was","Is It Love","All In One","All The Time","Her","Be My Love","It's Only Love","My World","Why","You Are What You Is","Love Love Love","This World","That Should Be Me","Love the Life","Just Like a Man","No One","Who We Are","Here","This Is It","Once Again","O Me O My","After All","I Love to Love","She's Out of My Life","To Be or Not to Be","With Love","To Life","All on Me","The Life","Girl","Where Is Love?","You You You","Get Some","Who...","Should I Go","What Now","To Be With You","\"Love Is Me, Love Is You\"","Let It Out","\"Me, Myself and I\"","Me and You","There's No Other","All Of Me","You Are My Man","What I Like About You","One","All I Can Be","Any Love","Him & I","Are You There","Where Are You Now (My Love)","All My Love Is for You","Because the Night","Love You To","Just a Little","There He Is","No","It Was I","So This Is Love?","That Is All","Being a Girl","How Are You","World of Love","Love Like This","You Are My Love","If I Don't Have You","Who You Are","Up!","You Should Be My Girl","What Do I Get?","I Love This Life","Little Girl","It's Your Life","There You Were","So What?","The One Like You","Don't It","To You","You and Me","All of You","What I'm For","Was That My Life","I'm One","What Do I Have to Do?","I'm a Man","There's No You","Down with Love","Night Life","Love It All","Not About Love","Heart of My Heart","About You","Who Is It","You Had Time","Song About a Girl","And I Love Her","A Man in Love","We Are the World","Love Me Like You Do","This One","If This Is Love","Don't Let Go of My Heart","All That","This Time","All the Love in the World","Love of My Life","Get Down On It","Out of This World","What About Me","You & Me","Let Me Love You","If","And I Love You So","All By Myself","Where Did They Go","I Don't Like It","Own Yourself","Down on Me","Song of Love","How I Like It","Where Do We Go From Here?","Let It Be","Where I'm From","Get On","Let's Not","I'm the Man","My Little Man","What in the World","What Now My Love","Night of Your Life","Same Heart","If I Had You","It Had to Be You","Only Girl (In the World)","What You Do About Me","Only One","I'm in Love with You","All Over","S&M","World","The One and Only","The Man I Love","Now I'm Here","Are You the One?","Into It","Only You","Do My...","Where Is The Love?","I Am That Man","For You to Love","Up&Up","Man Against the World","Because of You","Love is All","From Time","Love Me No More","O.D","My Love","On & On","Time","You and Me Against the World","One Love","If I Were Your Girl","If Not for You","All for You","Now and Then","All My Love","Where Were You","That's What Life is All About","\"You, You, You\"","Before I'm Over You","\"If It Will, It Will\"","Let Down","You Are the Only One","Here in My Heart","In The Night","Is It Love?","Here We Go Again","A Little More Love","Get","He Is","Did It for Love","Who?","There Was a Time","Do For Love","Be Yourself","Same Girl","If You Only","Time After Time","Into You","Love Me","Love Me Do","No Time","How About Me?","Let's Get It In","La night","For Once in My Life","LOVE","Some","Here with You","Down Under","Out There","If Only for One Night","That's Not Me","Will to Love","Let Me Be the One","You Don't Love Me","La La La","I'm Not that Girl","Get Over Me","Only Man","Not Me","If Love Were All","Why Me?","When We","M","This Is Me","When You Were My Girl","Little One","You & I","This Heart","All To You","The Man","Where Are They Now","\"Time, Time\"","You Have to Be There","Little T&A","Man Down","Let There Be Love","For No One","Don't You Love Me","My Little World","Who I Am with You","This D","Love for Love","I Like","When I Was Your Girl","Here With Me","On Time","Is This Love","One More","I Love How You Love Me","This Girl","About A Girl","Then","Let Her Go","No More","If Only","When","Are We All We Are","Just Be","LOVE.","On Me","All My Life","\"I Don't Like It, I Love It\"","All Out of Love","Over Now","Most of All","Do It Again","That's It for the Other One","If You","But I Will","To My Love","This Is Love","The Other","For You","What About Love","Just You and I","I'm Yours","No Other Love","Will you","Love Is","If You Were the Only Girl","She's Love"]}